{
    "codebert_loss": 3.2342605590820312,
    "codebert_perplexity": 25.387592212023687,
    "bert_loss": 2.13708758354187,
    "bert_perplexity": 8.47471973871775
}